省份, 城市
河北省, 石家庄
河北省, 保定
河北省, 秦皇岛
河北省, 唐山
河北省, 邯郸
河北省, 邢台
河北省, 沧州
河北省, 承德
河北省, 廊坊
河北省, 衡水
河北省, 张家口
山西省, 太原
山西省, 大同
山西省, 阳泉
山西省, 长治
山西省, 临汾
山西省, 晋中
山西省, 运城
山西省, 晋城
山西省, 忻州
山西省, 朔州
山西省, 吕梁
内蒙古, 呼和浩特
内蒙古, 呼伦贝尔
内蒙古, 包头
内蒙古, 赤峰
内蒙古, 乌海
内蒙古, 通辽
内蒙古, 鄂尔多斯
内蒙古, 乌兰察布
内蒙古, 巴彦淖尔
辽宁省, 盘锦
辽宁省, 鞍山
辽宁省, 抚顺
辽宁省, 本溪
辽宁省, 铁岭
辽宁省, 锦州
辽宁省, 丹东
辽宁省, 辽阳
辽宁省, 葫芦岛
辽宁省, 阜新
辽宁省, 朝阳
辽宁省, 营口
辽宁省, 大连
辽宁省, 沈阳
吉林省, 吉林
吉林省, 通化
吉林省, 白城
吉林省, 四平
吉林省, 辽源
吉林省, 松原
吉林省, 白山
黑龙江省, 伊春
黑龙江省, 哈尔滨
黑龙江省, 牡丹江
黑龙江省, 大庆
黑龙江省, 鸡西
黑龙江省, 鹤岗
黑龙江省, 绥化
黑龙江省, 双鸭山
黑龙江省, 七台河
黑龙江省, 佳木斯
黑龙江省, 黑河
黑龙江省, 齐齐哈尔
江苏省, 无锡
江苏省, 常州
江苏省, 扬州
江苏省, 徐州
江苏省, 苏州
江苏省, 连云港
江苏省, 盐城
江苏省, 淮安
江苏省, 昆山
江苏省, 宿迁
江苏省, 镇江
江苏省, 南通
江苏省, 泰州
江苏省, 南京
江苏省, 张家港
江苏省, 常熟
浙江省, 绍兴
浙江省, 温州
浙江省, 湖州
浙江省, 嘉兴
浙江省, 台州
浙江省, 金华
浙江省, 舟山
浙江省, 衢州
浙江省, 丽水
浙江省, 杭州
浙江省, 宁波
浙江省, 义乌
安徽省, 合肥
安徽省, 芜湖
安徽省, 亳州
安徽省, 马鞍山
安徽省, 池州
安徽省, 淮南
安徽省, 淮北
安徽省, 蚌埠
安徽省, 巢湖
安徽省, 安庆
安徽省, 宿州
安徽省, 宣城
安徽省, 滁州
安徽省, 黄山
安徽省, 六安
安徽省, 阜阳
安徽省, 铜陵
福建省, 福州
福建省, 泉州
福建省, 漳州
福建省, 南平
福建省, 三明
福建省, 龙岩
福建省, 莆田
福建省, 宁德
福建省, 厦门
江西省, 南昌
江西省, 赣州
江西省, 景德镇
江西省, 九江
江西省, 萍乡
江西省, 新余
江西省, 太原
江西省, 抚州
江西省, 宜春
江西省, 上饶
江西省, 鹰潭
江西省, 吉安
山东省, 潍坊
山东省, 淄博
山东省, 威海
山东省, 枣庄
山东省, 泰安
山东省, 临沂
山东省, 东营
山东省, 济宁
山东省, 烟台
山东省, 菏泽
山东省, 日照
山东省, 德州
山东省, 聊城
山东省, 滨州
山东省, 莱芜
山东省, 青岛
山东省, 济南
河南省, 郑州
河南省, 洛阳
河南省, 焦作
河南省, 商丘
河南省, 信阳
河南省, 新乡
河南省, 安阳
河南省, 开封
河南省, 漯河
河南省, 南阳
河南省, 鹤壁
河南省, 平顶山
河南省, 濮阳
河南省, 许昌
河南省, 周口
河南省, 三门峡
河南省, 驻马店
湖北省, 荆门
湖北省, 襄阳
湖北省, 咸宁
湖北省, 襄樊
湖北省, 荆州
湖北省, 黄石
湖北省, 宜昌
湖北省, 随州
湖北省, 武汉
湖北省, 鄂州
湖北省, 孝感
湖北省, 黄冈
湖北省, 十堰
湖南省, 长沙
湖南省, 郴州
湖南省, 娄底
湖南省, 衡阳
湖南省, 株洲
湖南省, 湘潭
湖南省, 岳阳
湖南省, 常德
湖南省, 邵阳
湖南省, 益阳
湖南省, 永州
湖南省, 张家界
湖南省, 怀化
广东省, 江门
广东省, 佛山
广东省, 汕头
广东省, 湛江
广东省, 韶关
广东省, 中山
广东省, 珠海
广东省, 茂名
广东省, 肇庆
广东省, 阳江
广东省, 惠州
广东省, 潮州
广东省, 揭阳
广东省, 广州
广东省, 清远
广东省, 河源
广东省, 东莞
广东省, 深圳
广东省, 汕尾
广东省, 云浮
广西省, 南宁
广西省, 贺州
广西省, 柳州
广西省, 桂林
广西省, 梧州
广西省, 北海
广西省, 玉林
广西省, 钦州
广西省, 百色
广西省, 防城港
广西省, 贵港
广西省, 河池
广西省, 崇左
广西省, 来宾
海南省, 海口
海南省, 三亚
四川省, 乐山
四川省, 雅安
四川省, 广安
四川省, 南充
四川省, 自贡
四川省, 泸州
四川省, 内江
四川省, 宜宾
四川省, 广元
四川省, 达州
四川省, 资阳
四川省, 绵阳
四川省, 眉山
四川省, 巴中
四川省, 攀枝花
四川省, 遂宁
四川省, 德阳
四川省, 成都
贵州省, 贵阳
贵州省, 安顺
贵州省, 遵义
贵州省, 六盘水
云南省, 昆明
云南省, 玉溪
云南省, 大理
云南省, 曲靖
云南省, 昭通
云南省, 保山
云南省, 丽江
云南省, 临沧
云南省, 楚雄
西藏, 拉萨市
西藏, 阿里
陕西省, 咸阳
陕西省, 西安
陕西省, 榆林
陕西省, 宝鸡
陕西省, 铜川
陕西省, 渭南
陕西省, 汉中
陕西省, 安康
陕西省, 商洛
陕西省, 延安
甘肃省, 兰州
甘肃省, 白银
甘肃省, 武威
甘肃省, 金昌
甘肃省, 平凉
甘肃省, 张掖
甘肃省, 嘉峪关
甘肃省, 酒泉
甘肃省, 庆阳
甘肃省, 定西
甘肃省, 陇南
甘肃省, 天水
青海省, 西宁市
宁夏, 银川
宁夏, 固原
宁夏, 青铜峡
宁夏, 石嘴山
宁夏, 中卫
新疆, 乌鲁木齐
新疆, 克拉玛依
香港特别行政区, 香港岛
香港特别行政区, 九龙
香港特别行政区, 新界
香港特别行政区, 新界西
澳门特别行政区, 澳门半岛
澳门特别行政区, 澳门离岛
台湾, 基隆
台湾, 台中
台湾, 新竹
台湾, 台南
台湾, 嘉义
台湾,  台北
台湾, 台东
台湾, 澎湖
台湾, 花莲
台湾, 屏东
台湾, 高雄
台湾, 台南
台湾, 嘉义
台湾, 云林
台湾, 南投
台湾, 彰化
台湾, 台中
台湾, 苗栗
台湾, 桃园
台湾, 宜兰
台湾, 新竹县
台湾, 台北
台湾, 高雄
吉林省, 长春
青海省, 西宁
